Title,Price
【Today】Today Gys-28 鋼岩萬用湯鍋(28Cm),0
【Andymay2】28Cm炒鍋 日式櫸木柄陶瓷不沾鍋（1入）泡麵鍋 不沾鍋 平底鍋 不沾鍋炒鍋 平底鍋 炒鍋 炒菜鍋 不沾湯鍋 櫸木手柄鍋 1111Campaign,0
【Sogno 好物專賣店】鑄造大理石不沾鴛鴦鍋火鍋28Cm(大容量電磁爐適用),0
【Easygoo 輕鬆】餐廚桔品火鍋(28Cm),0
【廚Fun】304油鍋28Cm(26~32Cm 台灣製 304不鏽鋼油鍋 不鏽鋼油鍋 油筒 304油筒 備料筒 醬料筒 醬汁筒),0
【廚Fun】304複底雙饌鴛鴦鍋28Cm(304複底雙饌鍋 清湯鍋 火鍋 鴛鴦鍋 304鴛鴦鍋 304火鍋 304清湯鍋 複底火鍋 火鍋鍋具 火鍋湯鍋 雙耳火鍋),0
【妙管家】妙管家 不鏽鋼無接縫鴛鴦鍋28Cm Hkpg-1125,0
【捕夢網】三環矽膠鍋蓋 鍋蓋 26公分鍋蓋 28公分 玻璃鍋蓋 矽膠鍋蓋 湯鍋蓋 三環鍋蓋平底 1111Campaign,0
【Carote】麥飯石不沾鍋具組 28Cm煎炒鍋+24Cm平底鍋+16Cm奶鍋+24Cm湯鍋(不挑爐具 電磁爐、Ih爐),0
易家居304不鏽鋼油炸鍋4.2L(28公分 附溫度計 監控油溫 天婦羅油炸鍋 湯鍋 鍋具),0
【廚Fun】普通高鍋28Cm(20~30Cm 高鍋 湯鍋 台灣製婦品牌 婦品牌普通高鍋 304不鏽鋼湯鍋),0
【妙管家】304不鏽鋼精緻火鍋28Cm Hkpg-2806＋黃金休閒爐 K-071G(含鍋蓋),0
【廚Fun】304 台製蒸籠 28Cm底鍋(厚款蒸籠身 白鐵蒸籠層 蒸籠底鍋 蒸龍蓋 304不銹鋼),0
Artist精選 麥飯石不沾鴛鴦鍋28Cm火鍋/湯鍋/不沾鍋,0
【匠藝家居】316防燙手柄蒸鍋 蒸籠鍋 蒸籠 蒸鍋 湯鍋(蒸汽立體循環加熱 28Cm兩層),0
【Pearl Life 珍珠金屬】28Cm 兩手鍋｜台式鍋｜Ih爐用鍋｜附鍋蓋(鍋蓋可放筷子),0
【廚Fun】高鍋 湯鍋 20Cm~28Cm 台灣製婦品牌1:1深型高鍋 婦品牌 304不銹鋼高鍋 高湯鍋 白鐵高鍋,0
【匠藝家居】蒸鍋 蒸籠鍋 蒸籠 定時蒸鍋 湯蒸鍋 湯鍋 蒸煮鍋(自動計時器-316不鏽鋼 防燙加厚一體 雙層28Cm),0
【廚Fun】1:1加高油鍋28Cm(台灣製 加高油鍋 1:1油鍋 深型油鍋 304油鍋 油筒 備料筒 醬料筒 醬汁筒),0
【生活采家】Debo 多用途油炸蒸煮湯鍋 28Cm(304不鏽鋼),0
【Osama 王樣】B10028王樣304小火鍋28Cm(小火鍋 304火鍋 雙耳火鍋 小火鍋鍋具 不鏽鋼鍋具 湯鍋 304湯鍋),0
韓國製造元寶金鈦石不沾鍋 6件式(28Cm炒菜鍋+鴛鴦鍋+玻璃蓋+矽膠刷+防燙夾+五格旋轉瀝水籃),0
【廚Fun】不鏽鋼蜂巢底火鍋 28Cm(蒸籠底鍋 火鍋 不鏽鋼火鍋 不鏽鋼蜂巢底火鍋),0
【Wmf】Profiselect不鏽鋼淺燉鍋+Profi-Pfannen煎鍋(28Cm),0
【Thankful 膳夫】鈦離子不沾深炒鍋 28Cm 含蓋(不沾鍋/平底鍋/Ih爐/電磁爐/深炒鍋/湯鍋),0
【妙管家】妙管家 304不鏽鋼精緻火鍋28Cm Hkpg-2806,0
【廚Fun】三層鋼鍍金炫紋火鍋+蓋/28Cm(火鍋 304火鍋 三層鋼鍍金炫紋火鍋 炫紋火鍋),0
【Perfect 理想】金緻316不鏽鋼超值雙鍋附蓋組(平底鍋28Cm+湯鍋20Cm),0
【Diamond Chef】石墨烯Ih爐可用不沾鍋雙鍋4件組-夏于喬代言(28Cm煎炒鍋18Cm湯鍋含蓋),0
【Sogno 好物專賣店】芬蘭森杉麥飯石不沾鴛鴦鍋28Cm(大容量電磁爐適用),0
【Andymay2】日式櫸木柄陶瓷不沾鍋超值2件組-（規格任選）（18Cm+24Cm+28Cm平底鍋/不沾鍋/炒鍋/湯鍋/鍋具/鍋子/不沾平底鍋/陶瓷不沾鍋/鍋/不沾炒鍋/多功能料理鍋）,0
【廚Fun】深型高鍋 28Cm 高鍋 湯鍋 台灣製婦品牌1:1深型高鍋 婦品牌 304不銹鋼高鍋 高湯鍋 白鐵高鍋,0
【廚Fun】304不鏽鋼錘印雙耳火鍋/清湯/28*9.5Cm+蓋(304不鏽鋼錘印雙耳火鍋 清湯鍋 鴛鴦鍋),0
【廚Fun】304油鍋平蓋/28Cm(鍋蓋 湯鍋蓋 蓋子 平蓋 油鍋平蓋 平鍋蓋 油鍋蓋 304不鏽鋼平蓋 304鍋蓋),0
【Cookpower 鍋寶】金鑽不沾鍋雙鍋輕鬆開伙組(28Cm炒鍋+22Cm湯鍋+蓋+鏟),0
【廚Fun】福四海304不鏽鋼火鍋28Cm(福四海304不鏽鋼火鍋 火鍋 不鏽鋼火鍋 蒸籠底鍋 304火鍋 海鮮蒸籠底鍋),0
【Carote】麥飯石陶瓷不沾鍋具組 28Cm煎炒鍋+24Cm平底鍋+24Cm湯鍋+16Cm奶鍋(電磁爐/Ih爐),0
Kiyodo麥飯石不沾鴛鴦鍋-28Cm-附蓋(不沾鴛鴦鍋),0
【Thermos膳魔師】超值3入_捷利不鏽鋼附瀝水蓋深煎鍋28Cm+湯鍋24Cm+湯鍋18Cm(Fnd-F28D+Fnd-W24+Fnd-S18),0
【Tefal 特福】彩盒包裝爵士系列不沾鍋四件組(28Cm炒鍋+16Cm湯鍋+鍋蓋+鍋鏟),0
【廚Fun】304深型1:1提鍋28Cm(提鍋 湯鍋 不鏽鋼提鍋 鍋子 304提鍋 燉鍋 台灣製),0
【Meyer 美亞】革新紅系列陶瓷不沾鍋雙耳湯鍋20Cm/2.8L含蓋(Ih/電磁爐適用),0
【Le Creuset】琺瑯鑄鐵鍋媽咪鍋28Cm 薰衣草/櫻桃紅 2色選1(贈圓盤組17Cm-4入),0
【De Buyer 畢耶】炒鍋/湯鍋專用玻璃鍋蓋28Cm(不鏽鋼蓋頭),0
【Thermos膳魔師】獨家專售_巧膳不鏽鋼含蓋單柄炒鍋28Cm+雙耳湯鍋20Cm(Lpd-28Hb-S+Lpd-W20),0
【Cookpower 鍋寶】金鑽不沾鍋雙鍋三件組-玫瑰金(28Cm煎鍋+22Cm湯鍋+木鏟),0
【Yoshikawa】［光檸］不鏽鋼相撲鍋 28Cm(電磁爐 Ih爐 Yoshikawa 火鍋 過年 圍爐 大鍋子 火鍋),0
【韓國Happycall】陶瓷Ih不沾鍋可收5件組(28Cm深炒鍋/平底鍋/18Cm湯鍋/鍋蓋/可拆式把手),0
【Le Creuset】琺瑯鑄鐵鍋媽咪鍋 28Cm(蜂蜜黃-鋼頭-內鍋黑),0
【Thermos膳魔師】獨家專售_不鏽鋼含蓋單柄炒鍋28Cm+不鏽鋼單柄湯鍋牛奶鍋18Cm(Lpd-28Hb-S+Mlk-S18),0
【Thermos膳魔師】不鏽鋼饌饗湯鍋28Cm+不鏽鋼保鮮盒1600Ml+800Ml(Kop-W28N+Z-Ssfs),0
【Thermos膳魔師】獨家專售_不鏽鋼含蓋單柄炒鍋28Cm+不鏽鋼饌饗雙耳湯鍋火鍋28Cm(Lpd-28Hb-S+Kop-W28N),0
【法國Cristel｜Mutine】自由經典 三層不銹鋼淺鍋28Cm(S28Q),0
【德國Wmf】Fusiontec 雙耳淺燉鍋 28Cm(黑色),0
【Carote】Tra系列 麥飯石不沾鍋具組 28Cm煎炒鍋+24Cm平底鍋+16Cm泡麵鍋+24Cm湯鍋(電磁爐/Ih),0
【Silwa 西華】巧疊304不鏽鋼多功能蒸煮鍋28Cm/蒸籠-適用電磁爐(大同電鍋可用),0
【Zebra 斑馬牌】304不鏽鋼6F28調理鍋 28Cm(平蓋可堆疊多功能鍋 大容量),0
【Fissler】碳矽系列-湯鍋20Cm2.8L/(碳矽元素可用鋼鏟),0
Allevo精品不沾鍋28Cm雙耳深鍋送鍋蓋,0
加厚304不銹鋼湯鍋 28Cm雙層湯鍋 蒸鍋 家用多功能火鍋,0
【Neoflam】韓國製陶瓷鑄造28公分鴛鴦鍋含玻璃蓋-丹麥粉(Ih爐可用鍋/非鐵氟龍不沾塗層),0
【美國Mothergoose 鵝媽媽】316醫療級不鏽鋼 Ih導磁鴛鴦火鍋28Cm,0
Hamptons 雙耳鬱金香湯鍋-紫28Cm韓國/陶瓷塗層/電磁爐/Ih爐,0
【台隆手創館】日本Pearl Ih不沾鴛鴦鍋28Cm(火鍋/湯鍋),0
【Chieh Pao 潔豹】316不鏽鋼樂纖火鍋 28Cm 4.0L(強化玻璃蓋 雙耳湯鍋),0
【日本銀峰】菊花輕量砂鍋9號 3-4人份(28Cm/2.7L),0
【Thermos膳魔師】獨家專售_不鏽鋼含蓋單柄炒鍋28Cm+不鏽鋼單柄湯鍋瀝水鍋18Cm(Lpd-28Hb-S+Spc-S18),0
【Silwa 西華】麥岩不沾Ih鴛鴦鍋28Cm-電磁爐適用,0
【Cookpower 鍋寶】金鑽不沾鍋雙鍋三件組-香檳金(28Cm煎鍋+22Cm湯鍋+木鏟),0
【Shimizu 清水】316不鏽鋼美味火鍋28Cm(頂級316不鏽鋼),0
【德國Wmf】Fusiontec Aromatic雙耳淺燉鍋 28Cm 5.9L(黑色),0
【Wmf】Profiselect不鏽鋼淺燉鍋28Cm(含蓋),0
【Armada 阿曼達】鬱金香系列複合金28Cm雙耳湯鍋(濾孔式玻璃蓋設計),0
【Meyer 美亞】New Skyline系列耐磨輕量不沾鍋實用雙鍋組(炒鍋28Cm+單柄湯鍋16Cm),0
【One House】日式櫸木柄陶瓷不沾鍋-二件組 24Cm煎鍋+28Cm炒鍋(1組),0
【Perfect 理想】極緻316萬能鍋-28Cm附蓋(台灣製造),0
【Silwa 西華】小霸王不沾雙鍋組(28Cm炒鍋+14Cm湯鍋-兩色可選),0
【Cookpower 鍋寶】鑄造大理石系列不沾鍋-28Cm(Ih電磁爐適用),0
【Zebra 斑馬牌】304不鏽鋼Merry雙耳鍋 28Cm 9.5L(附蓋 雙耳湯鍋),0
【Cotd】美型白玉珍珠鍋具28Cm陶瓷平底鍋(不沾鍋/湯鍋/煎鍋/台灣出貨),0
【Thermos膳魔師】獨家專售_星曜陶瓷不沾鍋單柄湯鍋16Cm+雙耳附蓋壓鑄鴛鴦火鍋28Cm(Tfc-S16+Tfp-P28),0
【Antikars】Delizia系列 不沾鍋雙耳湯鍋28Cm(義大利製 含蓋-法國製Pyrex耐熱玻璃鍋蓋 雙耳淺燉鍋),0
【Thermos膳魔師】獨家專售_星曜陶瓷單柄附蓋壓鑄平底鍋28Cm+不鏽鋼雙耳湯鍋火鍋28Cm(Tfc-F28+Kop-W28N),0
【Woll】德國歐爾-Iron 28Cm淺型鑄鐵鍋(紅),0
【德國寶迪Berndes】Bonanza系列經典不沾鍋雙耳湯鍋28Cm-含蓋,0
【更高質量】Ssgp柏林經典鴛鴦鍋 Ih爐可用鍋 304不鏽鋼鴛鴦鍋 含蓋子 火鍋鍋子 湯鍋 加厚湯鍋(28Cm鴛鴦鍋),0
【瑞康屋Ucom】丹麥黑魔法不沾鍋-晶鑽雙耳湯鍋28Cm無蓋(電磁爐可用),0
【Berghoff 貝高福】期間限定_單柄含蓋炒鍋28Cm+單柄含蓋湯鍋18Cm+鍋鏟(Bhbl-28W+Bhbl-S18+Y-Bhbl-St),0
【Shimizu 清水】鋼鋼好鴛鴦火鍋28Cm(304不鏽鋼),0
【瑞康屋Ucom】德國黑魔法系列 不沾鍋-28Cm 雙耳湯鍋/淺燉鍋/平底鍋,0
【西班牙Valira薇拉】一體鑄造壽喜鍋矮砂鍋28Cm附蓋耳套(小家庭/燒肉/涮肉/燉肉/Ih爐/電磁爐),0
【Yunmi】304不鏽鋼鴛鴦鍋 雙格火鍋 雙耳團圓鍋 湯鍋 涮涮鍋(28Cm帶蓋),0
【Jia 品家】虹彩鋼 琺瑯雙耳鍋28Cm-5.3L(黑色/粉紅色2色任選),0
【Thermos膳魔師】獨家專售_新一代星曜不沾鍋附蓋壓鑄平底鍋28Cm+不鏽鋼湯鍋28Cm(Tfc-F28-Lmt+Kop-W28N),0
